JFK,LHR,BA,87133
JFK,LHR,VS,61962
JFK,CDG,AF,61178
LGA,YYZ,AC,60792
SFO,TPE,BR,57801
MIA,LHR,BA,56095
JFK,STI,B6,55885
SFO,HKG,CX,55012
JFK,DXB,EK,54746
LAX,TPE,BR,54741
FLL,YUL,RV,54217
LAX,ICN,OZ,54103
LAX,HKG,CX,52285
DFW,CUN,AA,51561
JFK,SDQ,B6,51402
DFW,LHR,AA,49292
ATL,CUN,DL,49223
MIA,PTY,CM,48212
GUM,NRT,UA,46674
LAX,PEK,CA,46434
MIA,CUN,AA,45570
LAX,ICN,KE,45301
JFK,HKG,CX,45191
LAX,LHR,BA,45053
LAX,YYZ,AC,43925
LAX,MEX,AM,42424
MIA,HAV,AA,42310
MIA,BOG,AV,42134
JFK,ICN,KE,42050
EWR,LHR,UA,42022
MIA,GRU,JJ,41789
FLL,YYZ,RV,41383
ATL,YYZ,DL,41283
LAX,MNL,PR,40737
HNL,NRT,JL,40108
MCO,PTY,CM,39171
LAX,YVR,AC,38978
IAH,MEX,UA,38783
LAX,GDL,Y4,38436
JFK,LGW,DI,38326
MIA,SDQ,AA,38278
LAX,HKG,HX,37528
BOS,LHR,BA,37169
MIA,EZE,AA,36559
IAH,CUN,UA,36479
LAX,CAN,CZ,36361
DFW,MEX,AA,35768
JFK,MEX,AM,35477
JFK,LHR,AA,35164
LAX,CDG,AF,34926
JFK,PVG,MU,34798
LAX,AKL,NZ,34790
SFO,YYZ,AC,34759
DTW,AMS,DL,34716
JFK,ISL,TK,34518
MCO,YYZ,RV,34494
ATL,MEX,DL,33992
EWR,TLV,UA,33884
LAX,PVG,MU,33715
ATL,CDG,AF,33550
JFK,BOG,AV,33531
JFK,SVO,SU,33512
ATL,MBJ,DL,33474
ATL,AMS,DL,33276
MIA,GRU,AA,33179
LAX,SYD,QF,32703
IAH,SJO,UA,31652
JFK,PEK,CA,31241
GUM,ICN,LJ,30923
ATL,NAS,DL,30886
GUM,ICN,KE,30639
JFK,MAD,IB,30549
JFK,DOH,QR,30334
ATL,PUJ,DL,30284
MIA,SCL,LA,30161
SFO,LHR,BA,30097
MIA,GIG,AA,30092
JFK,TLV,LY,30035
LAX,PTY,CM,29590
JFK,SDQ,DL,29388
JFK,PTY,CM,29192
MIA,YYZ,RV,29094
ORD,CUN,UA,29056
SFO,ICN,KE,29009
LAX,MEL,QF,28724
MSP,CUN,DL,28612
LGA,YYZ,WS,28508
ATL,CDG,DL,28282
JFK,STI,DL,28060
LAS,YYZ,RV,28004
JFK,AMS,KL,27731
ATL,AMS,KL,27626
DFW,SJD,AA,27579
MIA,ZRH,LX,27367
JFK,FCO,AZ,27307
IAH,SAL,UA,27272
DFW,NRT,AA,27207
SFO,DXB,EK,27083
JFK,DUB,EI,27041
MIA,SJO,AA,27038
SFO,MNL,PR,26994
JFK,MEX,4O,26923
MIA,PAP,AA,26772
MIA,PUJ,AA,26729
EWR,YTZ,PD,26574
MIA,EZE,AR,26567
LAX,FRA,LH,26491
MSP,AMS,DL,26149
SFO,SIN,UA,25749
JFK,FRA,LH,25716
CLT,CUN,AA,25632
IAD,SAL,TA,25629
MIA,LIM,LP,25619
JFK,CAN,CZ,25461
ATL,SJO,DL,25351
LAX,DXB,EK,25296
ORD,LHR,AA,25195
CLT,MBJ,AA,25098
MIA,MGA,AA,25088
MIA,CDG,AF,25066
MIA,MEX,AA,25057
SFO,FRA,UA,24901
MIA,KIN,AA,24759
ORD,YYZ,AC,24702
SFO,PVG,UA,24599
CLT,NAS,AA,24578
IAH,PTY,UA,24453
EWR,CUN,UA,24445
MCO,GRU,JJ,24245
JFK,AUH,EY,24227
FLL,SJO,NK,24189
HNL,HND,HA,24128
IAD,LHR,BA,23853
HOU,MEX,WN,23712
MIA,MUC,LH,23620
ATL,LHR,DL,23562
MIA,MAD,IB,23560
IAD,FRA,UA,23491
MIA,MBJ,AA,23414
LAX,YVR,WS,23381
IAH,GUA,UA,23364
ORD,FRA,UA,23338
FLL,HAV,WN,23162
SFO,LHR,UA,23055
ORD,LHR,BA,22961
IAD,LHR,UA,22889
DFW,SYD,QF,22885
MCO,LGW,VS,22878
PHX,YYC,WS,22809
ORD,YYZ,UA,22792
LGA,YUL,KV,22777
MIA,GUA,AA,22725
LAX,LHR,AA,22624
MCO,YYZ,WS,22602
DFW,PVR,AA,22474
LAX,LHR,VS,22423
MIA,POS,AA,22154
FLL,VCP,AD,21988
JFK,KIN,B6,22023
MIA,SCL,AA,21990
MIA,AUA,AA,21844
EWR,YYZ,KV,21676
SFO,MUC,LH,21656
IAD,DXB,EK,21629
LAS,YYC,WS,21609
RSW,YYZ,RV,21567
MIA,LHR,VS,21438
SFO,YVR,UA,21395
MCO,VCP,AD,21347
PSP,YYC,WS,21300
MIA,BOG,AA,21289
EWR,PUJ,UA,21259
EWR,SJO,UA,21251
ORD,LHR,UA,21183
EWR,AUA,UA,21120
MIA,NAS,YX,21042
IAH,MTY,YV,20993
FLL,YYZ,WS,20711
ATL,ICN,KE,20671
MIA,BGI,AA,20606
HNL,KIX,JL,20557
MIA,GCM,AA,20554
LAX,TPE,CI,20489
SEA,DXB,EK,20461
GUM,NRT,JL,20409
MIA,LIM,AA,20385
SJU,SDQ,B6,20372
JFK,MXP,EK,20367
MIA,YYZ,AA,20337
SEA,TPE,BR,20260
JFK,CUN,DL,20231
IAH,LHR,UA,20049
SFO,TPE,CI,20047
PHL,LHR,AA,20039
ATL,GUA,DL,19970
PHX,SJD,AA,19956
MIA,GRU,O6,19936
CLT,LHR,AA,19913
SFO,LHR,VS,19904
DTW,CUN,DL,19889
ORD,CUN,AA,19837
SFO,PEK,CA,19827
LAX,SAL,LR,19757
JFK,AMS,DL,19745
HNL,ICN,KE,19610
HNL,YVR,WS,19597
SFO,TPE,UA,19557
TPA,YYZ,RV,19499
BOS,DUB,EI,19431
IAD,PTY,CM,19377
JFK,ZRH,LX,19343
MIA,MEX,AM,19325
ORD,ISL,TK,19272
SFO,HKG,UA,19212
ORD,DUB,EI,19193
EWR,MEX,UA,19157
LAX,BNE,QF,19076
EWR,BOM,UA,19057
ORD,DEL,AI,19044
JFK,DEL,AI,19043
JFK,TPE,BR,19030
DEN,CUN,UA,19024
JFK,CDG,DY,18982
DFW,DXB,EK,18975
BOS,DXB,EK,18887
IAH,TPE,BR,18839
CLT,PUJ,AA,18774
LAX,SYD,VA,18744
JFK,LHR,DL,18734
SFO,ISL,TK,18730
ORD,DXB,EK,18729
ATL,DOH,QR,18691
SFO,PTY,CM,18670
MIA,GYE,AA,18665
HNL,YVR,AC,18583
JFK,GRU,JJ,18554
OGG,YVR,WS,18551
EWR,BOM,AI,18550
FLL,NAS,B6,18495
SEA,YVR,CP,18492
LAX,ISL,TK,18438
IAH,LIR,UA,18392
DEN,FRA,LH,18374
SFO,AKL,UA,18337
IAH,FRA,LH,18262
JFK,AUA,B6,18257
EWR,DXB,EK,18223
BOS,AUA,B6,18204
SFO,MEX,AM,18131
ORD,DOH,QR,18094
EWR,SDQ,UA,18059
JFK,PUJ,DL,18011
MCO,MAN,VS,17992
LAS,LHR,BA,17940
BOS,DOH,QR,17914
JFK,CUN,AA,17854
LAX,LGW,DI,17804
SFO,ICN,OZ,17775
MCO,FRA,LH,17754
ORD,AUH,EY,17736
JFK,CAI,MS,17675
IAH,BZE,UA,17640
MIA,CCS,AA,17556
SFO,NRT,UA,17538
ATL,LIR,DL,17485
DFW,DOH,QR,17460
SFO,PEK,UA,17450
MIA,UIO,AA,17445
HNL,KIX,D7,17376
LAX,LHR,NZ,17373
LAX,AMS,KL,17357
EWR,FRA,LH,17337
JFK,PAP,B6,17307
JFK,ICN,OZ,17293
BWI,MBJ,WN,17292
SFO,SYD,QF,17262
ORD,PTY,CM,17258
PSP,YVR,WS,17256
FLL,PAP,B6,17233
ONT,TPE,CI,17198
LAX,HKG,AA,17185
ORD,MEX,AM,17156
LAX,PPT,TN,17135
MIA,CUR,AA,17086
DFW,YVR,AA,17063
SFO,ZRH,LX,17050
LAX,ZRH,LX,17050
DTW,PVG,DL,17031
SFO,PVG,MU,17006
MIA,PTY,AA,16948
PHX,YYZ,RV,16917
SFO,HKG,HX,16904
ORD,FRA,LH,16852
DTW,ICN,DL,16816
JFK,BGI,B6,16814
IAD,FRA,LH,16764
SFO,AKL,NZ,16744
PHX,LHR,BA,16670
DFW,HKG,AA,16636
SFO,SIN,SQ,16496
FLL,KIN,B6,16471
JFK,GRU,AA,16394
FLL,MBJ,WN,16378
IAD,DOH,QR,16369
DFW,GRU,AA,16358
JFK,LIM,LA,16339
EWR,ATH,EK,16323
MIA,ISL,TK,16319
SFO,DEL,AI,16290
OGG,YVR,AC,16281
ATL,ICN,DL,16216
DFW,ICN,AA,16154
SEA,LHR,BA,16131
IAH,LHR,BA,16098
LAX,MEX,4O,16073
BOS,LGW,DI,16050
IAH,SJD,UA,16033
IAH,BOG,UA,16004
SFO,FRA,LH,16003
ATL,NRT,DL,15906
MIA,LHR,AA,15896
LAS,YYZ,WS,15863
DFW,SCL,AA,15820
SFO,AMS,KL,15792
PHL,CUN,AA,15790
EWR,LHR,BA,15788
JFK,TLV,DL,15763
SFO,YVR,AC,15762
LAX,HND,AA,15696
IAH,AKL,NZ,15690
FLL,LGW,DI,15688
ATL,GRU,DL,15687
PHX,PVR,AA,15660
JFK,FRA,SQ,15660
JFK,POS,BW,15660
LAX,BNE,VA,15653
EWR,HKG,CX,15645
LAX,SYD,DL,15639
LAX,CDG,DY,15573
IAD,ISL,TK,15569
JFK,GRU,DL,15547
LAX,GDL,4O,15536
SFO,CDG,AF,15513
EWR,NRT,UA,15506
BWI,CUN,WN,15488
MCO,SJO,B6,15445
SFO,MEX,UA,15439
EWR,GRU,UA,15415
DTW,PEK,DL,15396
LAX,HND,DL,15353
LAX,SYD,AA,15252
DTW,NRT,DL,15224
JFK,SCL,LA,15179
DEN,LHR,BA,15174
BOS,HKG,CX,15153
EWR,DEL,UA,15131
SEA,YVR,QX,15110
HNL,SYD,HA,15106
IAD,CDG,AF,15086
LAX,GDL,AM,15082
MIA,EZE,4M,15036
SFO,SAL,TA,15024
IAH,PVR,UA,14927
PHL,DOH,QR,14852
LAX,PVG,DL,14852
IAD,ICN,KE,14851
CLT,YYZ,OH,14843
JFK,PUJ,B6,14835
MIA,LIS,TP,14833
LAX,YYC,WS,14821
HNL,NRT,HA,14816
IAH,BJX,YV,14796
ORD,ICN,KE,14793
LAS,YUL,RV,14791
DFW,MTY,MQ,14772
MIA,DOH,QR,14747
MIA,MDE,AA,14744
MCO,YUL,RV,14699
DFW,PVG,AA,14661
LAX,NAN,FJ,14659
ATL,PVG,DL,14619
MIA,MAD,AA,14601
JFK,SAL,TA,14582
MCO,LGW,BA,14577
SEA,AMS,DL,14577
JFK,MBJ,B6,14576
SFO,HKG,SQ,14549
FLL,NAS,WN,14527
ATL,JNB,DL,14506
SJU,PTY,CM,14504
HNL,NRT,UA,14479
BOS,AMS,DL,14479
JFK,KWI,KU,14471
LAX,AKL,AA,14431
HOU,CUN,WN,14407
LAX,MEL,UA,14378
MIA,CDG,AA,14370
LAS,YVR,RV,14352
IAH,EZE,UA,14332
LAS,YVR,WS,14306
IAH,YYC,UA,14288
LAX,YUL,AC,14279
IAD,ADD,ET,14276
BOS,CDG,AF,14268
SAN,YVR,QK,14265
ORD,GRU,UA,14231
ORD,HKG,CX,14180
IAD,CUN,UA,14174
JFK,JNB,SA,14132
MIA,SAP,AA,14124
LAX,NRT,SQ,14095
IAH,GDL,UA,14076
DTW,CDG,DL,14074
IAH,DOH,QR,14054
MIA,BCN,AA,14048
EWR,PEK,UA,13994
BOS,SDQ,B6,13957
LAX,MUC,LH,13950
IAH,QRO,YV,13908
HNL,NRT,KE,13896
DFW,GDL,AA,13892
EWR,PVG,UA,13887
IAH,AMS,KL,13886
PBI,YYZ,AC,13866
JFK,LIS,TP,13852
LAX,DOH,QR,13840
DFW,EZE,AA,13783
JFK,GIG,AA,13768
IAH,MEX,4O,13671
JFK,NAS,DL,13663
ORD,MEX,UA,13626
FLL,HAV,B6,13612
LAX,PEK,AA,13604
HNL,SYD,QF,13566
MIA,FRA,LH,13564
LAX,NRT,UA,13515
EWR,FCO,DY,13514
IAH,NRT,UA,13488
IAH,SYD,UA,13475
ORD,MEX,4O,13472
EWR,NAS,UA,13447
HNL,KIX,HA,13444
ORD,HKG,UA,13411
MCO,MEX,B6,13401
MIA,MEX,4O,13393
LAX,SVO,SU,13384
BOS,MUC,LH,13368
EWR,BRU,UA,13347
EWR,PTY,UA,13332
IAH,NRT,NH,13328
EWR,HKG,UA,13321
IAD,BRU,UA,13321
IAD,AMS,KL,13311
SEA,YVR,QK,13307
LAX,NRT,NH,13292
MIA,FCO,AZ,13282
IAH,YYZ,UA,13282
FLL,MEX,B6,13275
SPN,ICN,OZ,13241
MCO,MEX,AM,13239
SFO,ICN,UA,13204
SEA,FRA,LH,13202
LAX,SYD,UA,13191
ATL,EZE,DL,13186
MIA,LIM,TQQ,13179
LAX,BOG,AV,13175
SFO,SYD,UA,13151
IAH,DXB,EK,13135
ORD,PEK,UA,13092
HNL,HND,NH,13068
SFO,NRT,NH,13055
CLT,GCM,AA,13048
LAS,ICN,KE,13035
IAH,FRA,UA,13028
DTW,LHR,DL,13010
LAX,NRT,JL,13006
LAX,MEL,VA,12986
SFO,TLV,UA,12974
HNL,SYD,JQ,12952
JFK,KBP,PS,12952
MIA,MAD,UX,12952
BOS,YUL,QK,12924
LAX,SJD,DL,12924
EWR,TLV,LY,12903
JFK,EZE,AA,12901
ATL,YYZ,KV,12872
JFK,AMS,DY,12853
LAX,GUA,DL,12848
LAX,PVG,UA,12825
PDX,YVR,QK,12816
PHL,MBJ,AA,12811
DFW,MEX,4O,12794
MSP,HND,DL,12779
BOS,YYZ,KV,12772
EWR,MUC,LH,12748
LAX,HND,NH,12739
ORD,PVG,UA,12737
IAH,ISL,TK,12696
JFK,MXP,DL,12687
SAN,LHR,BA,12676
SAT,MEX,4O,12635
MIA,ANU,AA,12615
EWR,CDG,UA,12595
AUS,LHR,BA,12586
IAD,NRT,UA,12572
DFW,MAD,AA,12569
RSW,YYZ,WS,12549
MIA,POP,AA,12548
JFK,CMN,AT,12542
HNL,NRT,NQ,12536
MCO,GRU,DL,12530
HNL,NRT,DL,12518
LAX,PVG,AA,12454
FLL,NAS,UP,12426
DEN,YYZ,UA,12409
MIA,UVF,AA,12407
JFK,HEL,AY,12395
CLT,PLS,AA,12391
MSP,CDG,DL,12378
IAD,AUH,EY,12318
SWF,DUB,D8,12305
DEN,NRT,UA,12295
ORD,TPE,BR,12285
ORD,MUC,LH,12270
ATL,LIM,DL,12235
MIA,HAV,DL,12217
LAX,LIM,LP,12201
IAH,GRU,UA,12193
EWR,EZE,UA,12150
HNL,ICN,HA,12121
PHX,YEG,WS,12118
ATL,GCM,DL,12108
PHL,LHR,BA,12086
JFK,UIO,EQ,12084
MIA,BZE,AA,12077
ORD,GDL,AM,12060
LAX,CUN,UA,12012
SFO,CUN,UA,12008
SEA,ICN,KE,11997
JFK,GRU,O6,11977
ATL,GIG,DL,11965
HNL,NRT,NH,11949
FLL,SAP,NK,11935
SFO,HND,UA,11929
JFK,EZE,AR,11900
FLL,SDQ,B6,11884
SFO,DUB,EI,11853
ATL,AUA,DL,11851
DFW,YYZ,AA,11796
EWR,BCN,DY,11768
DFW,FRA,LH,11739
JFK,MNL,PR,11726
IAD,GRU,UA,11697
JFK,GYE,XL,11689
JFK,CUN,B6,11688
IAD,MUC,UA,11681
SEA,ICN,DL,11666
SEA,ICN,OZ,11665
LAS,MEX,AM,11662
JFK,NRT,JL,11650
DCA,YYZ,KV,11638
JFK,BCN,AA,11636
EWR,FRA,UA,11635
MSP,YVR,DL,11632
IAD,NRT,NH,11625
LAX,NRT,AA,11625
EWR,YVR,AC,11619
ORD,NRT,UA,11602
SEA,NRT,DL,11588
IAH,SCL,UA,11580
JFK,DUB,DL,11545
MIA,YUL,RV,11542
IAH,PEK,CA,11542
DEN,MUC,LH,11541
ORD,ICN,OZ,11540
ORD,MAD,IB,11525
IAH,GIG,UA,11506
LAX,SJO,DL,11491
ORD,PVG,MU,11484
JFK,CDG,DL,11478
FLL,BOG,B6,11423
ORD,NRT,NH,11394
FAT,GDL,Y4,11386
LAX,SJD,AS,11381
MIA,SKB,AA,11380
ATL,SCL,DL,11376
ATL,SDQ,DL,11374
EWR,MBJ,UA,11353
ORD,WAW,LO,11341
MCO,DXB,EK,11335
LAX,CUN,DL,11317
IAD,PEK,UA,11291
IAH,YYZ,AC,11274
SEA,YYJ,QX,11244
SAN,NRT,JL,11230
SEA,SJD,AS,11229
CLT,FRA,AA,11192
BOS,KEF,FI,11191
IAH,AMS,UA,11187
ORD,NRT,JL,11164
DFW,PEK,AA,11154
ATL,LHR,VS,11152
SFO,HND,JL,11151
ORD,PVR,UA,11144
BOS,FRA,LH,11119
FLL,SJO,WN,11061
LAS,LGW,VS,11060
BOS,PTY,CM,11038
JFK,MBJ,DL,11025
IAH,LIM,UA,11012
MCO,GIG,JJ,11011
BOS,YTZ,PD,11001
SEA,PVG,DL,10987
ORD,ZRH,LX,10969
GUM,NGO,UA,10967
IAD,YYZ,YV,10950
HNL,PVG,MU,10948
DTW,FRA,LH,10938
JFK,MEX,DL,10935
SEA,PVR,AS,10930
EWR,MUC,UA,10928
PHL,FCO,AA,10884
EWR,YUL,KV,10842
LAX,SIN,SQ,10784
DFW,NRT,JL,10770
ORD,CUN,F9,10746
HNL,MNL,PR,10730
OGG,YYC,WS,10724
EWR,DUB,UA,10677
PHL,PUJ,AA,10666
SMF,GDL,AM,10663
EWR,AMS,UA,10657
JFK,YYZ,9E,10640
BOS,ZRH,LX,10635
EWR,ZRH,LX,10632
JFK,KEF,FI,10623
LAX,LHR,UA,10619
PHL,DUB,AA,10599
IAH,SAP,UA,10590
JFK,HND,JL,10579
FLL,CUN,WN,10577
MCO,CUN,DL,10574
GUM,PUS,LJ,10569
IAD,PEK,CA,10550
LAX,MEX,Y4,10547
LAX,GDL,VB,10535
FLL,SDQ,NK,10533
FLL,MDE,NK,10523
SFO,CAN,CZ,10520
BOS,NRT,JL,10517
MIA,MVD,AA,10489
ORD,MUC,UA,10474
IAD,ZRH,UA,10457
BWI,KEF,WW,10456
SJC,GDL,AS,10448
EWR,STI,B6,10432
ORD,PUJ,UA,10432
ORD,HND,NH,10419
SEA,KEF,FI,10417
MDW,CUN,WN,10390
JFK,CDG,AA,10390
JFK,TPE,CI,10378
MIA,SAL,AA,10374
LAX,SAL,TA,10370
JFK,WAW,LO,10366
MIA,STI,AA,10344
EWR,ZRH,UA,10342
STL,CUN,F9,10123
HNL,AKL,NZ,10321
SEA,PEK,DL,10306
HNL,KIX,DL,10305
ATL,MTY,DL,10277
PHX,CUN,AA,10251
JFK,BRU,SN,10232
IAH,MEX,5D,10232
MSP,PUJ,DL,10218
SMF,GDL,Y4,10213
ORD,VIE,OS,10194
SLC,CUN,DL,10194
ATL,BOG,DL,10187
LAX,GDL,AS,10183
EWR,KEF,WW,10178
FLL,PAP,NK,10164
EWR,LIS,TP,10160
DEN,PVR,UA,10151
RDU,LHR,AA,10141
SFO,PVR,UA,10135
DTW,CDG,AF,10133
HNL,NGO,JL,10119
MSP,YWG,DL,10113
ATL,YUL,9E,10111
JFK,BCN,DL,10081
EWR,ARN,SK,10077
MCO,YYC,WS,10069
ORD,PUJ,F9,10060
DEN,CUN,WN,10050
ATL,LHR,BA,10047
FLL,CUN,NK,10046
CLT,MUC,LH,10040
JFK,GEO,BW,10024
SFO,PVR,AS,9381
ORD,AMM,RJ,10015
BOS,ISL,TK,9960
DFW,YYZ,KV,9954
ATL,FRA,DL,9929
IAH,YYC,WS,9925
SEA,LHR,VS,9923
LAX,KIX,JL,9918
EWR,PEK,CA,9896
ATL,UIO,DL,9894
MCO,LGW,DI,9892
DFW,FRA,AA,9866
LAX,YYC,AC,9859
PHL,MAD,AA,9854
JFK,NRT,NH,9847
JFK,ZRH,DL,9841
PHX,MEX,AA,9840
IAH,YVR,UA,9839
TPA,LGW,BA,9823
ORD,MBJ,UA,9817
GUM,MNL,PR,9814
MCO,SDQ,B6,9805
JFK,MUC,LH,9797
BOS,YYZ,AC,9795
SFO,CPH,SK,9765
IAH,CDG,AF,9762
LAX,SCL,LA,9752
DFW,CDG,AA,9748
EWR,SDQ,B6,9746
DFW,LIM,AA,9737
MCO,SJO,NK,9719
LAX,LIM,LA,9711
KOA,YVR,WS,9695
IAD,CDG,UA,9637
ATL,SJD,DL,9621
DEN,SJD,UA,9608
SFO,SJD,AS,9257
MIA,BSB,AA,9594
TPA,HAV,WN,9590
FLL,BOG,NK,9590
SPN,PVG,3U,9559
MIA,BLA,9V,9552
JFK,NBO,KQ,9546
ORD,YVR,UA,9532
LGA,YUL,9E,9525
BOS,LIS,TP,9523
MSP,PVR,DL,9514
SFO,CDG,UA,9512
GUM,PUS,BX,9457
PHL,YYZ,PT,9455
SJC,GDL,Y4,9437
BOS,STI,B6,9434
DFW,LHR,BA,9432
HOU,SJO,WN,9431
HNL,AKL,HA,9424
LAS,LGW,DI,9423
OAK,GDL,Y4,9421
PHX,YVR,WS,9418
ORD,LGW,DI,9408
ORD,YYZ,MQ,9404
BWI,LHR,BA,9401
MIA,SXM,AA,9395
SAN,SJD,AS,9390
EWR,YYZ,EV,9388
BOS,LHR,VS,9385
SEA,NRT,NH,9371
BOS,KEF,WW,9365
PHX,YVR,AA,9361
PHL,CDG,AA,9348
EWR,STI,UA,9340
FLL,PTY,NK,9339
SJC,YVR,QK,9330
ONT,GDL,Y4,9309
MIA,VVI,AA,9306
JFK,JED,SV,9285
EWR,VIE,OS,9281
MIA,TGU,AA,9277
ATL,PTY,DL,9271
JFK,YVR,CX,9270
MIA,PLS,AA,9263
ORD,PVR,AA,9254
LAX,PVR,AS,9246
EWR,LHR,VS,9222
ORD,AMS,KL,9214
LAX,PVR,DL,9206
EWR,CPH,SK,9190
MIA,MXP,AA,9188
MCO,LIM,LP,9182
ORD,YUL,KV,9178
ATL,PVR,DL,9173
ATL,SAL,DL,9164
FLL,DXB,EK,9161
JFK,MAN,VS,9133
MIA,SVO,SU,9128
JFK,MAD,AA,9117
IAD,PUJ,UA,9110
LAX,ARN,SK,9102
PHL,YYZ,KV,9098
PHL,MAN,AA,9077
SEA,YLW,QX,9064
HNL,ICN,OZ,9061
MCO,BSB,G3,9034
MIA,BOG,4C,9029
LAX,SAL,DL,9026
BOS,PEK,HU,9018
ATL,FRA,LH,8995
DFW,ICN,KE,8989
ATL,BZE,DL,8984
MIA,GIG,JJ,8983
LAX,GRU,AA,8977
ATL,UVF,DL,8971
EWR,MAN,UA,8957
ATL,ISL,TK,8956
EWR,POP,UA,8912
JFK,HND,NH,8882
MIA,BSB,G3,8882
LAS,GDL,Y4,8881
DTW,FRA,DL,8872
IAH,YYC,QK,8866
DFW,SJO,AA,8863
IAD,YOW,YV,8850
JFK,AUA,DL,8850
BWI,PUJ,WN,8850
IAD,ACC,SA,8849
ORD,CPH,SK,8815
DEN,CUN,F9,8811
SFO,SJD,UA,8791
IAD,LHR,VS,8409
LAS,MEX,4O,8789
HOU,LIR,WN,8781
IAD,HKG,CX,8767
TPA,YYZ,WS,8757
HNL,FUK,DL,8750
MIA,NAS,UP,8742
EWR,MXP,UA,8730
MIA,FOR,G3,8710
EWR,EDI,UA,8706
EWR,LIR,UA,8696
HNL,NGO,DL,8694
MIA,YUL,AA,8677
LAX,ZIH,AS,8650
GUM,MNL,UA,8627
SLC,AMS,DL,8601
SFO,GDL,4O,8581
SJC,LHR,BA,8559
JFK,BRU,DL,8553
ATL,PLS,DL,8540
IAH,MID,UA,8536
EWR,OSL,SK,8490
CLT,AUA,AA,8482
MIA,SNU,AA,8462
LAS,PTY,CM,8439
IAH,YEG,UA,8432
IAD,KEF,FI,8419
JFK,GIG,DL,8413
MIA,CLO,AA,8406
MSP,LHR,DL,8400
JFK,MXP,AZ,8373
SFO,GDL,AM,8369
FLL,SJO,B6,8366
ATL,SAP,DL,8363
DFW,GUA,AA,8348
DEN,SJD,WN,8344
PDX,AMS,DL,8333
DFW,CZM,AA,8321
MCO,FOR,G3,8315
JFK,FRA,DL,8302
ATL,PAP,DL,8290
JFK,FDF,D8,8287
SEA,CDG,DL,8284
FLL,MBJ,NK,8268
SEA,CUN,AS,8265
LAX,LIR,AS,8262
EWR,GVA,UA,8261
JFK,POS,B6,8260
MSP,MBJ,DL,8253
IAD,CPH,SK,8252
FLL,MBJ,B6,8251
HNL,KIX,TR,8247
FLL,CDG,DY,8246
FLL,PUJ,B6,8229
LAX,YYZ,WS,8219
MIA,GND,AA,8215
SEA,PEK,HU,8215
ATL,STR,DL,8212
JFK,OSL,DY,8211
EWR,TXL,UA,8207
JFK,LGW,BA,8205
JFK,MAN,MT,8171
JFK,NAS,B6,8162
LIH,YVR,WS,8156
DTW,CUN,NK,8152
EWR,PLS,UA,8147
JFK,SXM,DL,8145
PDX,NRT,DL,8141
FAT,GDL,AM,8137
MCO,BOG,AV,8137
JFK,POP,B6,8132
JFK,UVF,B6,8131
ORD,MEX,Y4,8110
SAN,YYZ,RV,8106
ATL,KIN,DL,8100
BOS,PVG,HU,8089
LAS,GDL,4O,8069
MIA,NAS,AA,8053
DFW,MEX,5D,8045
ATL,MUC,DL,8034
ORD,CDG,UA,8034
FLL,YOW,AC,8030
ATL,FCO,DL,8003
DEN,MEX,AM,7960
MIA,MDE,AV,7959
FLL,MDE,B6,7952
MIA,CLO,AV,7939
OAK,LGW,DI,7936
IAH,GDL,YV,7936
EWR,SIN,SQ,7915
ORD,GDL,4O,7908
DEN,PVR,WN,7895
DEN,YVR,QK,7893
PSP,YEG,WS,7888
MCO,BOG,B6,7885
JFK,FCO,DL,7881
PHL,FRA,LH,7878
MIA,HOG,AA,7872
SFO,WUH,CZ,7863
LAX,GUA,LR,7859
ATL,MAN,VS,7826
FLL,CUN,B6,7816
FLL,GUA,NK,7812
EWR,LIS,UA,7806
CLT,SJO,AA,7803
MSP,CUN,SY,7803
JFK,CUN,4O,7792
MIA,YYZ,WS,7792
ORD,ARN,SK,7791
HOU,BZE,WN,7773
FLL,LIM,B6,7757
SLC,CDG,DL,7753
BWI,AUA,WN,7749
TPA,FRA,LH,7745
JFK,PTP,D8,7740
HOU,PVR,WN,7740
ORD,SJD,AA,7739
SEA,MEX,AM,7734
DEN,YYZ,AC,7733
LAX,YVR,CP,7716
HNL,MEL,JQ,7708
LAS,MEX,Y4,7703
FLL,BOG,AV,7700
CLT,YUL,YX,7673
ORD,YYC,OO,7661
MCO,MEX,4O,7656
MDW,MLM,Y4,7655
JFK,MXP,IG,7640
EWR,BOG,UA,7625
FLL,PUJ,WN,7609
JFK,KIN,DL,7602
HOU,SJD,WN,7599
LAX,MZT,AS,7561
SAN,FRA,LH,7557
MSP,PUJ,SY,7509
MSP,AMS,KL,7506
JFK,ARN,DY,7501
MSP,SJD,DL,7493
SJC,SJD,AS,7489
JFK,GCM,B6,7484
CLT,SXM,AA,7477
SLC,MEX,DL,7468
MSP,YYZ,KV,7467
ATL,DUS,DL,7465
SJC,NRT,NH,7461
SFO,YYC,QK,7455
LAS,MEX,VB,7452
BOS,CDG,DL,7444
RDU,CDG,DL,7441
MCO,BOG,NK,7419
MSP,YWG,OO,7401
MIA,CTG,AA,7398
LAX,AMS,DL,7365
SLC,SJD,DL,7352
JFK,MAD,DY,7320
JFK,GUA,TA,7301
SPN,HKG,HX,7300
MIA,CTG,AV,7298
IAD,MEX,UA,7293
SEA,YYC,QX,7292
ORD,SJO,UA,7291
MIA,BAQ,AV,7268
DFW,BZE,AA,7266
SEA,YYC,CP,7262
EWR,SDQ,NK,7256
SLC,YYZ,DL,7243
SAN,SJD,WN,7229
MIA,MXP,IG,7226
FLL,UIO,B6,7217
DEN,YVR,UA,7210
FLL,YYZ,TS,7195
FLL,CTG,B6,7186
ATL,LOS,DL,7186
ORD,SJD,UA,7186
JFK,CTG,B6,7176
DEN,YYC,UA,7165
DEN,YEG,OO,7159
PDX,GDL,Y4,7153
MIA,LIR,AA,7148
MDW,YTZ,PD,7139
SFO,YUL,AC,7137
MIA,FPO,YX,7124
FLL,AUA,WN,7113
LAX,SHE,CZ,7109
ATL,CUN,WN,7109
JFK,PLS,DL,7104
IAD,DEL,AI,7103
IAD,BOG,AV,7100
MIA,PLS,YX,7100
MDW,PUJ,WN,7050
IAH,MUC,UA,7047
LAX,XMN,MF,7024
IAD,YYZ,ZX,7010
MIA,MAO,AA,7000
ORD,CUN,NK,6994
LAX,BCN,DY,6986
DFW,BJX,MQ,6982
FLL,MGA,NK,6976
MIA,HEL,AY,6966
CVG,CDG,DL,6962
JFK,PLS,B6,6960
DFW,YYC,MQ,6953
MIA,BAQ,AA,6943
MSP,YYZ,9E,6932
ORD,PEK,HU,6915
MCO,DUB,EI,6895
IAH,POS,UA,6893
JFK,SXM,B6,6884
JFK,GVA,LX,6881
ORD,KEF,FI,6875
LAX,BJX,4O,6870
SEA,GDL,Y4,6861
IAH,UIO,UA,6855
MSP,YXE,OO,6846
SAN,YYC,WS,6836
LAX,DUB,EI,6828
IAD,RUH,SV,6824
ATL,SXM,DL,6814
PPG,FGI,PH,6814
IAH,MAN,SQ,6812
JFK,VIE,OS,6808
MCO,CNF,AD,6808
TPA,PTY,CM,6806
LAX,SJD,AA,6803
EWR,MAD,UA,6800
BOS,CUN,DL,6794
LAX,CUN,4O,6790
EWR,DUB,EI,6788
DEN,LGW,DI,6780
EWR,ORY,LV,6775
IAD,MUC,LH,6773
MIA,MAR,AA,6770
SPN,PEK,MU,6769
LAX,YEG,WS,6764
FLL,AUA,B6,6748
FLL,OSL,DY,6742
MIA,POS,BW,6733
SEA,YVR,AS,6731
MDW,GDL,Y4,6722
EWR,SAL,TA,6700
MIA,AMS,KL,6693
PHL,YOW,PT,6689
JFK,FOC,MF,6685
SEA,YYJ,CP,6674
JFK,RUH,SV,6674
LAX,MEX,DL,6662
DEN,PTY,CM,6646
DFW,QRO,MQ,6631
BNA,YYZ,ZX,6630
SRQ,YYZ,RV,6619
PHX,YVR,AC,6605
ORD,AMS,UA,6591
JFK,LIR,B6,6584
BOS,LHR,DL,6566
MDW,MBJ,WN,6565
DTW,YYZ,ZX,6563
ATL,MAD,DL,6561
FLL,GYE,NK,6559
LAX,AUH,EY,6554
FLL,YUL,TS,6540
STL,CUN,WN,6523
HNL,BNE,HA,6518
SFO,KIX,UA,6517
DFW,BOG,AA,6514
FLL,CLO,NK,6506
FLL,CTG,NK,6505
LAX,JED,SV,6502
LAX,MLM,Y4,6501
PHL,AMS,AA,6493
MCO,SDQ,NK,6492
ATL,TGU,DL,6467
PHL,MUC,AA,6455
DTW,MEX,DL,6453
FLL,GCM,WN,6438
LAX,MEX,AA,6424
SEA,YYZ,AC,6420
SFO,MEL,QF,6419
MCO,REC,AD,6405
LAX,PVR,WN,6404
MSP,PVR,SY,6400
FLL,YQB,TS,6392
BOS,GRU,JJ,6390
EWR,DUS,EW,6385
LAX,CDG,TN,6384
MCO,KEF,FI,6375
DEN,YYC,OO,6358
MIA,CPH,SK,6339
JFK,MEX,B6,6338
FLL,BGI,B6,6336
FLL,LIM,NK,6334
EWR,BCN,UA,6320
LAX,CDG,DL,6314
JFK,CPH,DY,6313
FLL,PLS,WN,6310
JFK,MAD,DL,6286
FLL,BZE,WN,6280
MIA,BDA,AA,6271
LAX,GUA,GU,6257
JFK,MEX,VB,6254
IAH,TGU,UA,6225
GUM,KIX,UA,6218
LAS,YYC,RV,6217
ORD,BRU,UA,6204
MCO,YYZ,WG,6201
BWI,YYZ,KV,6201
SJU,BOG,AV,6191
LAX,TLV,LY,6190
KOA,NRT,JL,6165
MSY,LHR,BA,6151
JFK,ACC,DL,6150
SFO,ORY,BF,6146
JFK,MDE,AV,6132
MCO,LIM,TQQ,6127
MIA,VRA,AA,6099
MCO,AMS,DL,6098
HNL,CTS,HA,6084
BOS,BCN,IB,6081
OAK,MLM,Y4,6080
MIA,TLV,LY,6070
CLT,BGI,AA,6066
MCO,CUN,B6,6066
LAX,MAD,DY,6066
MIA,GGT,YX,6059
LGA,YUL,MQ,6058
MIA,GCM,KX,6046
LAX,TAO,MF,6039
JFK,AMM,RJ,6035
LAX,EZE,AA,6023
FLL,HOG,B6,6000
MIA,CCS,WL,0
EWR,SXM,UA,5980
MIA,MEX,Y4,5973
MIA,CAP,AA,5965
MSP,YYC,DL,5952
ATL,GDL,DL,5931
FLL,PTY,CM,5918
EWR,LIM,UA,5918
SFO,PPT,BF,5886
IAH,MTY,VB,5882
PVD,DUB,D8,5881
CLT,MEX,AA,5872
IAD,VIE,OS,5870
IAD,JED,SV,5870
MIA,CMW,AA,5865
IAD,DUB,EI,5860
ORD,YYZ,OO,5850
DTW,YUL,9E,5843
IAH,RTB,UA,5822
BWI,CUN,NK,5815
ORD,MBJ,AA,5805
SNA,YVR,WS,5804
JFK,ORY,AF,5799
IAH,SLP,YV,5799
MSY,YYZ,KV,5788
FLL,CMW,B6,5786
MCO,YOW,AC,5754
MIA,FOR,JJ,5746
LAS,FRA,DE,5746
SLC,PVR,DL,5745
BOS,YYZ,WS,5735
ATL,CZM,DL,5726
BOS,CDG,DY,5722
CLE,YYZ,ZX,5714
FLL,STI,B6,5711
MCO,MBJ,WN,5674
SEA,PVG,HU,5670
MCO,MBJ,B6,5660
PHL,SXM,AA,5659
JFK,GND,B6,5645
EWR,YOW,QK,5644
EWR,KEF,FI,5644
EWR,YYC,AC,5634
JFK,BOM,AI,5585
BOS,PDL,S4,5576
JFK,BDA,AA,5568
OAK,PVR,WN,5564
MIA,MDE,VH,5560
LAX,PPT,AF,5559
SFO,YYC,OO,5558
DCA,YUL,QK,5549
ORD,CDG,AF,5547
SEA,FRA,DE,5525
ORD,BZE,UA,5514
DFW,AGU,MQ,5499
PHL,PUJ,F9,5467
DFW,MBJ,AA,5465
LGA,YYZ,MQ,5456
DTW,MEX,AM,5442
DEN,MEX,Y4,5429
PHL,CUN,F9,5201
MCO,MEX,Y4,5404
IAH,SAP,NK,5402
JFK,YUL,9E,5392
JFK,SNN,EI,5380
IAH,YUL,KV,5374
DTW,YYZ,9E,5355
PHX,YYC,AC,5335
JFK,YYC,WS,5335
JFK,LOS,DL,5335
RDU,YYZ,ZX,5333
JFK,MBJ,BW,5327
PHL,AUA,AA,5325
JFK,KIN,BW,5315
LAX,HGH,3U,5308
BWI,MBJ,NK,5304
IAD,CMN,AT,5302
DEN,GDL,Y4,5300
ATL,PUJ,WN,5299
SAT,MEX,Y4,5288
ORD,YUL,OO,5285
LAS,LGW,BA,5284
DFW,SLP,YV,5275
ORD,KEF,WW,5267
EWR,ADD,ET,5257
MIA,DUB,EI,5225
ORD,MTY,OO,5223
BOS,MEX,B6,5213
DTW,YUL,G7,5196
ATL,BRU,DL,5187
EWR,FCO,UA,5185
PDX,SJD,AS,5184
LAX,TNA,3U,5176
GUM,FUK,UA,5172
SLC,GDL,5D,5164
STL,YYZ,ZX,5155
FLL,LGW,BA,5129
MSP,YEG,DL,5120
GUM,TPE,CI,5099
IAH,AGU,EV,5094
LAX,SJD,WN,5094
SFO,PPT,UA,5085
DEN,KEF,FI,5077
JFK,ANU,AA,5077
PHL,YUL,PT,5070
CVG,YYZ,ZX,5063
SWF,EDI,D8,5061
JFK,MXP,AA,5054
SFO,KEF,FI,5038
JFK,BDA,DL,5037
MDW,BJX,Y4,5022
IAD,YTZ,PD,4995
MSP,MBJ,SY,4806
MCO,NAS,UP,4971
BOS,TLV,LY,4957
FLL,POS,B6,4954
PSP,YVR,AC,4949
FLL,KIN,NK,4944
OAK,CDG,DY,4941
IAD,AMS,UA,4923
SEA,YEG,QX,4905
PHX,MZT,YV,4900
SFO,BCN,IB,4879
MIA,DUS,EW,4871
FLL,CPH,DY,4868
DFW,SAL,TA,4866
JFK,BEG,JU,4862
ORD,YVR,AA,4850
FLL,POS,BW,4847
PHX,GDL,Y4,4845
ORD,AKL,NZ,4844
IAH,GDL,Y4,4832
LAX,SJO,AS,4821
FLL,FPO,3M,4819
PBI,YUL,AC,4812
FLL,KIN,BW,4806
SFO,NAN,FJ,4806
ORD,GUA,TA,4805
FLL,STI,NK,4797
IAD,DSS,SA,4776
IAH,SAL,TA,4771
EWR,ORY,B0,4763
SJC,PEK,HU,4741
BOS,CUN,B6,4728
MCO,HAV,B6,4706
GUM,ROR,UA,4692
PIT,YYZ,ZX,4690
BOS,MAD,IB,4688
JFK,HAV,B6,4686
DFW,GDL,Y4,4675
LAX,CPH,DY,4670
DTW,YYZ,OO,4668
LAX,OSL,DY,4641
SFO,CTU,UA,4630
LAX,NKG,MU,4623
BOS,BOG,AV,4623
PHL,DUB,EI,4610
EWR,YHZ,EV,4587
LGA,YYZ,YX,4577
ORD,YVR,QK,4577
SJC,MLM,Y4,4569
MIA,MGA,TA,4565
SEA,DUB,EI,4557
PHX,SJO,AA,4553
JFK,KEF,DL,4543
EWR,YQB,EV,4538
PHX,YWG,WS,4535
DCA,YYZ,OH,4534
JFK,LIS,DL,4534
LAS,GRU,JJ,4528
DTW,GRU,DL,4519
BNA,LHR,BA,4516
SFO,TAO,MU,4510
SJU,EIS,SEB,4508
PDX,PVR,AS,4505
OAK,SJD,WN,4502
EWR,YOW,EV,4498
MSP,YYC,OO,4478
LAX,LTO,AS,4464
LAX,ZCL,Y4,4460
LAX,BJX,Y4,4451
ATL,GDL,5D,4447
DTW,KEF,WW,4447
MIA,SAL,TA,4446
HNL,PEK,CA,4446
SAT,MEX,5D,4445
OGG,YYC,AC,4445
PHX,YEG,YV,4441
SJU,PUJ,B6,4435
MIA,SAP,TA,4414
HNL,TPE,CI,4412
DTW,NGO,DL,4398
DTW,YYZ,G7,4392
CMH,YYZ,ZX,4382
PHX,GDL,YV,4380
SPN,CAN,3U,4376
LAX,ZLO,AS,4367
MCO,YWG,WS,4366
MCO,PAP,B6,4360
FLL,SAL,NK,4347
SEA,CUN,DL,4342
ATL,BJX,5D,4335
FLL,REC,AD,4333
SEA,PVR,DL,4327
PHL,ZRH,AA,4324
SEA,CDG,AF,4322
DFW,LIR,AA,4316
MCO,YUL,TS,4313
RNO,GDL,Y4,4304
IAD,YUL,YV,4293
DEN,YUL,QK,4291
HNL,YYC,WS,4286
TPA,YUL,RV,4283
FLL,ARN,DY,4274
MCO,OSL,DY,4263
JFK,YUL,MQ,4255
LAX,PVR,CP,4250
LAX,MTY,5D,4246
EWR,WAW,LO,4224
EWR,YUL,C5,4222
LAX,WAW,LO,4212
AUS,YYZ,AC,4207
GUM,TKK,UA,4198
EWR,ANU,UA,4177
LAX,FCO,AZ,4163
JFK,BDA,B6,4159
LAX,SZX,CA,4159
TPA,LGW,DI,4158
MIA,YUL,WG,4144
JFK,YYZ,MQ,4141
BOS,BDA,B6,4131
MCO,PTY,NK,4130
ATL,QRO,5D,4116
EWR,ORY,DY,4110
FLL,FDF,D8,4089
LAS,NRT,AA,4079
KOA,HND,HA,4073
LAS,YEG,RV,4066
DFW,MLM,YV,4062
IND,CDG,DL,4060
LAX,YVR,OO,4042
FLL,PUJ,NK,4041
SNA,SJD,AS,4032
MIA,GEO,AA,4028
GUM,HKG,UA,4023
PSP,YYC,AC,4021
BOS,PUJ,B6,4020
DEN,YVR,OO,4018
JFK,MAD,UX,4014
IAD,SAL,Q6,4012
BOS,SAL,TA,4010
DFW,CUU,MQ,3994
FLL,SNU,B6,3991
IAH,ZIH,YV,3989
EWR,HAV,YX,3975
ATL,YUL,DL,3952
LAS,MTY,4O,3949
RSW,DUS,EW,3947
JFK,DUS,EW,3946
OGG,YEG,WS,3934
ATL,BDA,DL,3925
PHL,YUL,YX,3915
FLL,PLS,B6,3912
KOA,YVR,AC,3908
LAS,YEG,WS,3906
LAX,SAL,Q6,3903
CLE,CUN,F9,3901
SPN,HGH,JD,3893
RSW,YUL,RV,3891
SNA,SJD,WN,3889
DTW,MTY,DL,3885
PHX,YYZ,WS,3880
MCI,CUN,F9,3878
MSP,LIR,DL,3871
PHX,HMO,OO,3870
JFK,GCM,KX,3867
AUS,CUN,WN,3865
EWR,SJD,UA,3852
SEA,SZX,MF,3848
SFO,YVR,QK,3844
SMF,YVR,QK,3841
ORD,YOW,OO,3826
DFW,MZT,YV,3823
MIA,PAP,AF,3820
FLL,FPO,UP,3817
IAH,YYZ,YV,3800
JFK,CKG,HU,3782
BOS,BDA,DL,3763
FLL,PTP,D8,3753
DFW,YVR,QK,3752
SLC,YYC,CP,3749
MIA,LIR,YX,3742
JFK,TAS,HY,3739
SLC,YVR,CP,3731
BOS,YHZ,QK,3714
ATL,CTG,DL,3711
IAH,MTY,4O,3711
EWR,OPO,TP,3693
IAH,MGA,UA,3692
OAK,MEX,Y4,3688
PDX,YVR,QX,3687
DTW,PVR,DL,3682
JFK,CTU,HU,3675
EWR,GUA,UA,3673
LAX,ADD,ET,3644
CLT,YYZ,ZX,3636
PSP,YYZ,RV,3629
MSP,YEG,OO,3598
SFO,YVR,OO,3596
LAX,CTU,HU,3594
IAH,SAL,NK,3584
ORD,YUL,EV,3581
OAK,BCN,DY,3579
MCO,FOR,JJ,3577
PHX,YUL,RV,3571
MIA,GUA,TA,3544
IAH,HAV,YV,3541
DFW,YUL,MQ,3539
MCO,ARN,DY,3525
IND,YYZ,ZX,3520
GUM,MNL,5J,3513
PHX,YXE,WS,3508
FLL,GCM,B6,3502
DTW,MTY,5D,3499
LGA,YOW,9E,3493
ORD,AUA,UA,3483
FLL,AXM,NK,3452
DTW,SJD,DL,3450
EWR,PVR,UA,3450
MIA,REC,JJ,3437
LAX,AGU,Y4,3427
PHL,YUL,QK,3413
JFK,MTY,5D,3395
SAT,MTY,4O,3369
MIA,MHH,YX,3358
SAN,PVR,AS,3354
LAX,KEF,WW,3353
MCO,NAS,B6,3345
STL,PUJ,F9,3087
JFK,ANU,B6,3323
MSP,LIR,SY,3123
SFO,CUN,4O,3300
FLL,ELH,3M,3298
MIA,PTY,YX,3283
ORD,ADD,ET,3273
MCO,SAL,TA,3266
MCO,YHZ,WS,3257
BDL,YYZ,QK,3257
SNA,PVR,AS,3243
DFW,YUL,KV,3226
FLL,MHH,3M,3226
IAD,GVA,UA,3219
EWR,YHZ,YX,3208
HNL,MAJ,UA,3176
DFW,TRC,MQ,3175
FLL,GYE,EQ,3163
MIA,YYZ,WG,3162
MIA,ELH,MQ,3150
PHX,YQR,WS,3129
ORD,BJX,OO,3121
ATL,BON,DL,3115
MIA,MTY,YX,3101
AUS,MEX,5D,3091
MCO,YOW,WS,3080
SFO,YEG,QK,3069
MSY,PTY,CM,3069
MCO,GUA,NK,3069
JFK,CUR,B6,3057
DFW,OAX,MQ,3046
MIA,MID,YX,3045
MIA,PUJ,LA,3042
MIA,OSL,SK,3040
MDW,ZCL,Y4,3015
ATL,HAV,9E,3013
IAH,CZM,UA,3013
DFW,GCM,AA,3008
LIH,YVR,AC,3004
CLE,PUJ,F9,2872
SEA,SJD,DL,2979
LAX,CSX,HU,2977
IAH,GUA,NK,2973
MCO,GDL,Y4,2944
SPN,HKG,UO,2931
BDL,DUB,EI,2929
CLT,GDL,AA,2927
DFW,YYZ,MQ,2923
JFK,CDG,SE,2922
FLL,BEL,AD,2783
LAS,PEK,HU,2896
DFW,CUN,NK,2876
JFK,CTG,AV,2875
SAT,GDL,4O,2873
PHL,NAS,AA,2862
SEA,YEG,OO,2855
ORD,GDL,Y4,2844
IAH,MLM,EV,2835
ORD,BOG,AV,2816
LAX,BJX,5D,2808
BNA,YYZ,WS,2804
LAX,PVR,4O,2798
JFK,GDL,Y4,2783
LAX,CUN,WN,2777
IAH,OAX,EV,2762
ATL,MHH,9E,2757
ORD,YWG,OO,2756
